model,tp,tn,fp,fn,correct,incorrect,accuracy,precision,recall,f1,roc_auc,avg_pre
XGBClassifier without SMOTE,52,43,56,6,95,62,0.605,0.481,0.897,0.627,0.665,0.47
XGBClassifier with SMOTE,53,45,54,5,98,59,0.6242038216560509,0.4953271028037383,0.9137931034482759,0.6424242424242425,0.6841692789968652,0.484
XGBClassifier with under/over,49,54,45,9,103,54,0.6560509554140127,0.5212765957446809,0.8448275862068966,0.6447368421052633,0.695141065830721,0.498
XGBClassifier with Borderline SMOTE,54,47,52,4,101,56,0.643312101910828,0.5094339622641509,0.9310344827586207,0.6585365853658537,0.7028909787530476,0.5
Balanced RF Classifier,48,65,34,10,113,44,0.7197452229299363,0.5853658536585366,0.8275862068965517,0.6857142857142856,0.7420759317311041,0.548
RF Classifier,55,34,65,3,89,68,0.5668789808917197,0.4583333333333333,0.9482758620689655,0.6179775280898876,0.6458551027516545,0.454
