model,tp,tn,fp,fn,correct,incorrect,accuracy,precision,recall,f1,roc_auc,avg_pre
XGBClassifier without SMOTE,1541,609,263,150,2150,413,0.839,0.854,0.911,0.882,0.805,0.837
XGBClassifier with SMOTE,1544,599,273,147,2143,420,0.8361295357003512,0.8497523390203633,0.9130691898285038,0.8802736602052452,0.7999978976665454,0.833
XGBClassifier with under/over,1485,651,221,206,2136,427,0.833398361295357,0.8704572098475967,0.8781785925487877,0.8743008536944363,0.8123691127881554,0.845
XGBClassifier with Borderline SMOTE,1544,603,269,147,2147,416,0.8376902067889193,0.851627137341423,0.9130691898285038,0.8812785388127854,0.8022914756481969,0.835
Balanced RF Classifier,1452,683,189,239,2135,428,0.833008193523215,0.8848263254113345,0.8586635127143702,0.8715486194477792,0.8209601967241575,0.853
RF Classifier,1589,553,319,102,2142,421,0.8357393679282091,0.8328092243186582,0.9396806623299823,0.883023061961656,0.7869274871282939,0.822
