model,tp,tn,fp,fn,correct,incorrect,accuracy,precision,recall,f1,roc_auc,avg_pre
XGBClassifier without SMOTE,581,43,56,91,624,147,0.809,0.912,0.865,0.888,0.649,0.907
XGBClassifier with SMOTE,580,45,54,92,625,146,0.8106355382619974,0.9148264984227129,0.8630952380952381,0.888208269525268,0.6588203463203464,0.909
XGBClassifier with under/over,535,54,45,137,589,182,0.7639429312581063,0.9224137931034483,0.7961309523809523,0.8546325878594249,0.6707927489177489,0.912
XGBClassifier with Borderline SMOTE,587,47,52,85,634,137,0.8223086900129701,0.918622848200313,0.8735119047619048,0.8954996186117468,0.6741296897546897,0.913
Balanced RF Classifier,518,65,34,154,583,188,0.7561608300907912,0.9384057971014492,0.7708333333333334,0.8464052287581699,0.713699494949495,0.923
RF Classifier,609,34,65,63,643,128,0.833981841763943,0.9035608308605341,0.90625,0.9049034175334324,0.6248421717171717,0.901
