model,tp,tn,fp,fn,correct,incorrect,accuracy,precision,recall,f1,roc_auc,avg_pre
XGBClassifier without SMOTE,211,23,27,52,234,79,0.748,0.887,0.802,0.842,0.631,0.877
XGBClassifier with SMOTE,211,25,25,52,236,77,0.7539936102236422,0.8940677966101694,0.8022813688212928,0.845691382765531,0.6511406844106464,0.883
XGBClassifier with under/over,190,28,22,73,218,95,0.6964856230031949,0.8962264150943396,0.7224334600760456,0.8,0.6412167300380228,0.881
XGBClassifier with Borderline SMOTE,213,26,24,50,239,74,0.7635782747603834,0.8987341772151899,0.8098859315589354,0.8520000000000001,0.6649429657794677,0.888
Balanced RF Classifier,179,36,14,84,215,98,0.6869009584664537,0.927461139896373,0.6806083650190115,0.7850877192982455,0.7003041825095058,0.9
RF Classifier,222,20,30,41,242,71,0.7731629392971247,0.8809523809523809,0.844106463878327,0.8621359223300971,0.6220532319391634,0.875
