model,tp,tn,fp,fn,correct,incorrect,accuracy,precision,recall,f1,roc_auc,avg_pre
XGBClassifier without SMOTE,17,18,7,2,35,9,0.795,0.708,0.895,0.791,0.807,0.679
XGBClassifier with SMOTE,17,18,7,2,35,9,0.7954545454545454,0.7083333333333334,0.8947368421052632,0.7906976744186046,0.8073684210526316,0.679
XGBClassifier with under/over,15,19,6,4,34,10,0.7727272727272727,0.7142857142857143,0.7894736842105263,0.7500000000000001,0.7747368421052632,0.655
XGBClassifier with Borderline SMOTE,17,18,7,2,35,9,0.7954545454545454,0.7083333333333334,0.8947368421052632,0.7906976744186046,0.8073684210526316,0.679
Balanced RF Classifier,17,23,2,2,40,4,0.9090909090909091,0.8947368421052632,0.8947368421052632,0.8947368421052632,0.9073684210526316,0.846
RF Classifier,18,14,11,1,32,12,0.7272727272727273,0.6206896551724138,0.9473684210526315,0.75,0.7536842105263158,0.611
