model,tp,tn,fp,fn,correct,incorrect,accuracy,precision,recall,f1,roc_auc,avg_pre
XGBClassifier without SMOTE,3276,1753,773,281,5029,1054,0.827,0.809,0.921,0.861,0.807,0.791
XGBClassifier with SMOTE,3257,1767,759,300,5024,1059,0.8259082689462436,0.8110059760956175,0.9156592634242339,0.8601610986399049,0.8075921020209055,0.792
XGBClassifier with under/over,3102,1883,643,455,4985,1098,0.8194969587374651,0.8283044058744994,0.8720832161934214,0.8496302382908791,0.8087652818892681,0.797
XGBClassifier with Borderline SMOTE,3278,1754,772,279,5032,1051,0.8272234095018905,0.8093827160493827,0.9215631149845376,0.8618377809911923,0.8079707894796007,0.792
Balanced RF Classifier,3001,2044,482,556,5045,1038,0.8293605129048167,0.8616135515360321,0.8436885015462469,0.852556818181818,0.8264364914698772,0.818
RF Classifier,3363,1544,982,194,4907,1176,0.806674338319908,0.7739930955120828,0.9454596570143379,0.8511769172361427,0.7783513645325054,0.764
