model,tp,tn,fp,fn,correct,incorrect,accuracy,precision,recall,f1,roc_auc,avg_pre
XGBClassifier without SMOTE,15,11,6,1,26,7,0.788,0.714,0.938,0.811,0.792,0.7
XGBClassifier with SMOTE,15,11,6,1,26,7,0.7878787878787878,0.7142857142857143,0.9375,0.8108108108108109,0.7922794117647058,0.7
XGBClassifier with under/over,13,12,5,3,25,8,0.7575757575757576,0.7222222222222222,0.8125,0.7647058823529411,0.7591911764705882,0.678
XGBClassifier with Borderline SMOTE,15,11,6,1,26,7,0.7878787878787878,0.7142857142857143,0.9375,0.8108108108108109,0.7922794117647058,0.7
Balanced RF Classifier,16,16,1,0,32,1,0.9696969696969697,0.9411764705882353,1.0,0.9696969696969697,0.9705882352941176,0.941
RF Classifier,16,8,9,0,24,9,0.7272727272727273,0.64,1.0,0.7804878048780487,0.7352941176470589,0.64
